artist_name,total_canciones,total_streams_m,avg_streams_m,avg_danceability,avg_energy,avg_bpm
"Myke Towers, Quevedo",1,221.4,221.41,79.0,74.0,113.0
"Pharrell Williams, Tyler, The Creator, 21 Savage",1,136.7,136.68,88.0,56.0,120.0
"Ana Castela, AgroPlay",1,233.8,233.8,69.0,71.0,160.0
Shawn Mendes,3,2256.8,752.27,62.0,59.3,116.0
"Camila Cabello, Ed Sheeran",1,756.9,756.91,76.0,70.0,95.0
Niall Horan,1,144.6,144.58,57.0,76.0,92.0
"Gorillaz, Bad Bunny",1,149.8,149.78,64.0,77.0,95.0
"Natanael Cano, Peso Pluma",1,436.0,436.03,78.0,83.0,138.0
Darlene Love,1,242.8,242.77,34.0,76.0,126.0
LE SSERAFIM,2,530.6,265.28,87.0,71.0,105.0
Gunna,1,95.2,95.22,85.0,62.0,130.0
teto,1,139.2,139.19,87.0,50.0,119.0
"Tyler, The Creator",3,600.7,200.22,60.3,72.7,105.0
"The Weeknd, Future",1,96.2,96.18,60.0,57.0,119.0
"The Weeknd, 21 Savage, Metro Boomin",1,844.0,843.96,71.0,61.0,98.0
Luke Combs,1,157.1,157.06,71.0,60.0,98.0
Plan B,1,540.7,540.65,84.0,77.0,95.0
NF,1,52.7,52.72,73.0,86.0,106.0
Shakira,1,123.1,123.12,75.0,48.0,144.0
Eden Muï¿½ï,1,299.7,299.65,55.0,44.0,189.0
"Post Malone, Swae Lee",1,2808.1,2808.1,76.0,50.0,90.0
"Sean Paul, Dua Lipa",1,956.9,956.87,74.0,89.0,102.0
V,1,317.6,317.62,44.0,38.0,139.0
PinkPantheress,1,156.3,156.34,66.0,84.0,133.0
"Lana Del Rey, Taylor Swift",1,60.4,60.35,66.0,40.0,110.0
"NEIKED, Mae Muller, Polo G",1,421.0,421.04,72.0,68.0,110.0
"Taylor Swift, Ice Spice",1,46.1,46.14,62.0,62.0,90.0
Jain,1,165.5,165.48,82.0,66.0,116.0
"Bing Crosby, John Scott Trotter & His Orchestra, Ken Darby Singers",1,395.6,395.59,23.0,25.0,96.0
Melanie Martinez,1,67.1,67.07,72.0,66.0,100.0
Tom Odell,1,1813.7,1813.67,45.0,54.0,123.0
"Gabito Ballesteros, Junior H, Peso Pluma",1,86.4,86.44,65.0,74.0,140.0
"Dua Lipa, Megan Thee Stallion",1,299.6,299.63,81.0,63.0,124.0
"Post Malone, Doja Cat",1,609.3,609.29,74.0,69.0,101.0
ThxSoMch,2,605.1,302.55,71.5,68.0,130.0
"Fuerza Regida, Peso Pluma",1,159.0,158.95,76.0,81.0,145.0
XXXTENTACION,2,2223.1,1111.54,67.0,35.5,143.0
INTERWORLD,1,357.6,357.58,59.0,64.0,175.0
Fujii Kaze,1,403.1,403.1,60.0,76.0,158.0
Lil Baby,2,187.3,93.67,72.0,64.0,164.0
"Oscar Maydon, Junior H",1,307.4,307.37,70.0,54.0,98.0
Victor Cibrian,1,164.9,164.86,70.0,62.0,154.0
"Shae Gill, Ali Sethi",1,284.3,284.25,71.0,60.0,92.0
"Don Toliver, Future, Justin Bieber",1,105.1,105.06,84.0,67.0,137.0
Carin Leon,1,77.3,77.31,54.0,40.0,158.0
Peso Pluma,2,425.4,212.7,79.5,70.5,107.0
Radiohead,1,1271.3,1271.29,53.0,34.0,92.0
"Bad Bunny, The Marï¿½ï",1,319.6,319.55,78.0,60.0,108.0
Sabrina Carpenter,1,342.9,342.9,74.0,68.0,139.0
Rosa Linn,2,1437.7,718.84,56.0,64.0,170.0
Chase Atlantic,1,499.0,498.96,67.0,54.0,120.0
Eminem,4,6183.8,1545.95,79.8,68.0,118.0
"Luï¿½ï¿½sa Sonza, MC Frog, Dj Gabriel do Borel, Davi K",1,176.3,176.29,93.0,45.0,135.0
OneRepublic,2,3097.2,1548.58,68.5,76.0,131.0
One Direction,1,1131.1,1131.09,67.0,52.0,120.0
"Dr. Dre, 2Pac, Roger",1,579.4,579.4,77.0,84.0,92.0
PnB Rock,1,380.3,380.32,64.0,60.0,102.0
"Labrinth, Zendaya",1,426.2,426.2,37.0,67.0,141.0
"The Weeknd, ROSALï¿½",1,374.7,374.71,77.0,30.0,136.0
"Mc Pedrinho, DJ 900",1,12.0,11.96,93.0,65.0,133.0
"Intense, AP Dhillon, Gurinder Gill",1,327.5,327.5,84.0,72.0,95.0
"Ed Sheeran, Elton John",1,135.7,135.72,59.0,94.0,114.0
"Arcangel, Bizarrap",1,100.4,100.41,72.0,78.0,124.0
"Anuel Aa, Jhay Cortez",1,355.2,355.22,76.0,84.0,105.0
Billie Eilish,5,2616.4,523.29,44.2,29.6,97.0
Coldplay,3,3825.2,1275.06,47.3,44.3,129.0
Paul McCartney,1,403.9,403.94,75.0,58.0,95.0
"Ray Dalton, Ryan Lewis, Macklemore",1,1953.5,1953.53,63.0,93.0,146.0
"Coldplay, BTS",1,1062.0,1061.97,58.0,68.0,105.0
New West,1,411.8,411.75,60.0,35.0,120.0
Troye Sivan,2,431.4,215.71,65.0,70.5,136.0
Tears For Fears,1,1206.0,1205.95,64.0,81.0,112.0
Lizzy McAlpine,1,293.2,293.19,51.0,33.0,148.0
NewJeans,6,1544.6,257.43,76.7,75.7,125.0
Kenshi Yonezu,1,210.0,210.04,58.0,94.0,102.0
"Offset, JID",1,25.0,24.98,83.0,69.0,143.0
"Ugly Dray, Tesla Jnr",1,121.1,121.08,71.0,52.0,96.0
"Riton, Nightcrawlers, Mufasa & Hypeman, Dopamine",1,863.8,863.76,82.0,86.0,123.0
James Arthur,2,2686.3,1343.17,37.0,56.0,125.0
"Taiu, Milo j",1,248.1,248.09,84.0,71.0,120.0
"21 Savage, Gunna",1,60.7,60.68,68.0,73.0,148.0
KALUSH,1,53.7,53.73,83.0,82.0,105.0
Steve Lacy,3,1945.1,648.38,54.3,53.3,140.0
Jaymes Young,1,888.1,888.05,67.0,67.0,122.0
"Dua Lipa, DaBaby",1,1802.5,1802.51,70.0,83.0,103.0
"Ed Sheeran, J Balvin",1,106.9,106.93,89.0,64.0,88.0
Nirvana,2,2058.8,1029.42,48.0,55.5,112.0
"Mc Pedrinho, Pedro Sampaio",1,208.2,208.17,78.0,57.0,135.0
"Drake, Travis Scott, 21 Savage",1,191.3,191.33,75.0,63.0,122.0
"Anitta, Tini, Becky G",1,121.2,121.19,85.0,83.0,90.0
Daddy Yankee,2,815.7,407.86,77.5,85.5,96.0
Juice WRLD,2,2474.1,1237.06,52.0,55.0,122.0
"Migrantes, LiL CaKe, Nico Valdi",1,231.3,231.33,84.0,79.0,93.0
"Julieta Venegas, Bad Bunny, Tainy",1,775.5,775.54,64.0,70.0,170.0
"Grupo Marca Registrada, Junior H",1,287.3,287.28,79.0,59.0,99.0
"Justin Quiles, Lenny Tavï¿½ï¿½rez, BL",1,393.2,393.23,79.0,70.0,90.0
"Duki, NICKI NICOLE, Cris Mj, Standly, Stars Music Chile",1,223.6,223.58,77.0,87.0,95.0
"Polima WestCoast, Pailita",1,307.8,307.75,80.0,85.0,110.0
Charlie Puth,2,646.7,323.35,70.0,53.5,146.0
a-ha,1,1479.1,1479.12,57.0,90.0,84.0
j-hope,1,155.8,155.8,78.0,72.0,97.0
"AnnenMayKantereit, Giant Rooks",1,236.9,236.87,68.0,43.0,98.0
"Carin Leon, Grupo Frontera",1,0.0,0.0,49.0,64.0,162.0
"Travis Scott, Young Thug, Metro Boomin",1,276.3,276.26,75.0,53.0,119.0
Kelly Clarkson,1,485.3,485.29,51.0,81.0,160.0
Jin,1,203.4,203.44,54.0,76.0,125.0
"Sean Paul, Feid",1,115.0,115.01,82.0,62.0,91.0
"Bad Bunny, Jhay Cortez",2,2371.6,1185.8,76.5,62.5,112.0
Adele,4,4508.7,1127.19,61.8,63.5,111.0
"Lady Gaga, Bradley Cooper",1,2159.4,2159.35,57.0,40.0,96.0
BoyWithUke,1,583.0,582.98,59.0,61.0,180.0
Gayle,1,1007.6,1007.61,70.0,54.0,122.0
"Brray, Rauw Alejandro, Lyanno",1,471.8,471.82,83.0,83.0,102.0
"Tini, L-Gante",1,201.0,200.97,52.0,69.0,94.0
"Frank Sinatra, B. Swanson Quartet",1,473.3,473.25,60.0,32.0,143.0
"Luis R Conriquez, La Adictiva",1,323.5,323.46,70.0,59.0,113.0
Southstar,1,154.4,154.36,66.0,58.0,145.0
Duki,2,342.4,171.19,71.0,77.5,107.0
"Blackbear, BoyWithUke",1,197.6,197.64,78.0,75.0,98.0
"The Weeknd, Madonna, Playboi Carti",1,115.4,115.36,85.0,68.0,99.0
"Calvin Harris, Dua Lipa",1,1897.5,1897.52,79.0,86.0,124.0
Lil Yachty,1,115.3,115.33,70.0,56.0,150.0
Future,2,305.0,152.49,76.5,63.0,107.0
"Sebastian Yatra, Manuel Turizo, Beï¿½ï",1,90.8,90.84,82.0,85.0,127.0
Lil Tjay,1,191.0,190.98,68.0,55.0,143.0
Manuel Turizo,1,1214.1,1214.08,84.0,68.0,125.0
"Drake, DJ Khaled, Lil Baby",1,170.7,170.73,72.0,46.0,130.0
TV Girl,1,466.2,466.23,56.0,87.0,105.0
"Marshmello, Manuel Turizo",1,223.6,223.63,78.0,68.0,124.0
Oxlade,1,222.4,222.41,65.0,66.0,93.0
"Adassa, Mauro Castillo, Stephanie Beatriz, Encanto - Cast, Rhenzy Feliz, Diane Guerrero, Carolina Gaitan",1,432.7,432.72,58.0,45.0,206.0
"Swae Lee, Lil Wayne, Offset, Metro Boomin",1,86.8,86.77,61.0,48.0,146.0
C. Tangana,1,339.5,339.47,67.0,46.0,126.0
"MC Xenon, Os Gemeos da Putaria",1,93.6,93.59,53.0,36.0,83.0
Frank Ocean,2,1628.6,814.32,72.5,58.0,142.0
"Feid, Myke Towers, Sky Rompiendo",1,107.8,107.75,72.0,64.0,106.0
Treasure,1,183.0,182.98,72.0,64.0,85.0
"Xamï¿½ï¿½, Gustah, Neo B",1,240.7,240.68,82.0,61.0,133.0
"Arijit Singh, Sachin-Jigar",1,139.8,139.84,59.0,56.0,94.0
"Arijit Singh, Vishal Dadlani, Sukriti Kakar, Vishal-Shekhar, Shekhar Ravjiani, Kumaar",1,1.4,1.37,82.0,74.0,105.0
"Rauw Alejandro, Bizarrap",2,121.2,60.59,77.5,77.0,129.0
"Travis Scott, 21 Savage, Metro Boomin",1,195.5,195.52,49.0,66.0,88.0
Sam Ryder,1,54.7,54.68,47.0,83.0,80.0
Musical Youth,1,195.9,195.92,73.0,67.0,151.0
"De La Ghetto, Duki, Quevedo",1,178.5,178.51,79.0,84.0,82.0
"Bad Bunny, Grupo Frontera",1,505.7,505.67,57.0,72.0,83.0
"Fuerza Regida, Natanael Cano",1,288.1,288.1,66.0,60.0,149.0
"Maroon 5, Wiz Khalifa",1,1479.3,1479.26,74.0,74.0,110.0
"Bad Bunny, Eladio Carrion",1,250.3,250.31,68.0,76.0,150.0
Giveon,1,951.6,951.64,61.0,46.0,129.0
"Sam Smith, Kim Petras",1,1230.7,1230.68,71.0,47.0,131.0
SZA,19,4557.8,239.88,57.9,52.7,117.0
"Lost Frequencies, Calum Scott",1,972.5,972.51,67.0,64.0,121.0
Bruno Mars,4,5846.9,1461.73,62.0,60.8,136.0
Aerosmith,1,838.6,838.59,39.0,43.0,80.0
"Rï¿½ï¿½ma, Selena G",1,899.2,899.18,80.0,80.0,107.0
"Chris Brown, Rvssian, Rauw Alejandro",1,436.7,436.7,73.0,85.0,98.0
The Neighbourhood,3,4010.0,1336.67,59.0,63.7,101.0
"Kendrick Lamar, Ghostface Killah, Summer Walker",1,76.8,76.83,57.0,82.0,138.0
"Karol G, Shakira",1,619.0,618.99,72.0,63.0,180.0
"Schï¿½ï¿½rze, DJ R",1,130.4,130.42,44.0,92.0,140.0
"Dj LK da Escï¿½ï¿½cia, Tchakabum, mc jhenny, M",1,116.1,116.14,89.0,74.0,130.0
"El Chachito, Junior H",1,198.3,198.28,70.0,48.0,139.0
Ed Sheeran,9,13908.9,1545.44,69.7,64.8,117.0
"L7nnon, DJ Biel do Furduncinho, Bianca",1,176.1,176.1,95.0,57.0,130.0
"BTS, Jung Kook, FIFA Sound",1,323.4,323.36,71.0,88.0,115.0
Treyce,1,70.1,70.07,82.0,59.0,128.0
Playboi Carti,1,506.8,506.78,79.0,91.0,140.0
Jnr Choi,1,245.1,245.1,74.0,65.0,144.0
"Feid, Mora",1,477.0,477.03,76.0,79.0,92.0
Hotel Ugly,2,587.0,293.49,56.5,44.0,112.0
Tini,1,217.7,217.67,91.0,58.0,120.0
The Police,1,1593.3,1593.27,82.0,45.0,117.0
John Legend,1,2086.1,2086.12,42.0,26.0,120.0
"James Hype, Miggy Dela Rosa",1,462.8,462.79,84.0,69.0,125.0
Tones and I,1,2864.8,2864.79,82.0,59.0,98.0
"Kendrick Lamar, Taylour Paige",1,68.9,68.9,65.0,69.0,108.0
"WizKid, Toian, Metro Boomin, Don Toliver, Beam",1,32.8,32.76,92.0,51.0,101.0
Mae Stephens,1,165.6,165.58,90.0,73.0,116.0
The Weeknd,22,14185.5,644.8,57.7,63.9,120.0
Danny Ocean,1,421.4,421.37,45.0,67.0,92.0
"Drake, Future, Tems",1,556.6,556.59,46.0,64.0,83.0
SEVENTEEN,1,91.2,91.22,77.0,88.0,137.0
Anggi Marito,1,179.7,179.66,51.0,44.0,130.0
"Mc Vitin Da Igrejinha, MC Tairon, DJ Win",1,129.3,129.31,71.0,40.0,130.0
"Lit Killah, Maria Becerra, Tiago pzk, NICKI NICOLE",1,236.9,236.94,70.0,44.0,170.0
Jessica Darrow,1,267.8,267.76,65.0,58.0,180.0
"Elton John, Britney Spears",1,284.2,284.22,67.0,77.0,126.0
Surf Curse,1,824.4,824.42,35.0,94.0,180.0
Lisa,1,863.6,863.63,83.0,55.0,140.0
"Marshmello, Juice WRLD",1,84.7,84.7,65.0,53.0,83.0
Linkin Park,2,2985.6,1492.8,52.5,88.0,108.0
"Luude, Colin Hay",1,252.9,252.87,31.0,86.0,172.0
Kate Bush,1,1024.9,1024.86,63.0,55.0,108.0
Bellakath,1,168.7,168.68,90.0,81.0,101.0
Lil Uzi Vert,1,457.2,457.18,49.0,55.0,150.0
"Twisted, Oliver Tree",1,213.4,213.44,58.0,62.0,140.0
Hozier,1,2135.2,2135.16,57.0,66.0,129.0
"Coolio, L.V.",1,1357.6,1357.61,63.0,61.0,80.0
"SZA, Phoebe Bridgers",1,110.1,110.07,62.0,43.0,125.0
"Kali Uchis, Amaarae, Moliy",1,354.1,354.07,86.0,53.0,110.0
Leo Santana,1,134.3,134.29,81.0,77.0,135.0
"David Guetta, Ella Henderson, Becky Hill",1,286.7,286.74,60.0,71.0,123.0
Chanel,1,65.7,65.72,73.0,81.0,105.0
Ckay,1,726.8,726.84,74.0,73.0,93.0
"Feid, Sech, Jhayco",1,133.9,133.9,82.0,77.0,97.0
"j-hope, J. Cole",1,116.6,116.6,68.0,82.0,94.0
"Arcangel, De La Ghetto, Justin Quiles, Lenny Tavï¿½ï¿½rez, Sech, Dalex, Dimelo Flow, Rich Music",1,223.3,223.32,56.0,76.0,84.0
"Israel & Rodolffo, Mari Fernandez",1,138.5,138.52,63.0,92.0,154.0
"BYOR, Imanbek",1,383.8,383.84,85.0,80.0,122.0
"Israel & Rodolffo, Ana Castela",1,263.5,263.45,65.0,95.0,158.0
Josï¿½ï¿½ Felic,1,520.0,520.03,50.0,82.0,148.0
"Jasiel Nuï¿½ï¿½ez, Peso P",2,129.1,64.55,73.5,65.0,120.0
"Calvin Harris, Dua Lipa, Young Thug",1,190.6,190.63,82.0,70.0,100.0
"THE ANXIETY, Willow, Tyler Cole",1,530.5,530.51,77.0,47.0,95.0
"Shakira, Rauw Alejandro",1,606.4,606.36,70.0,64.0,174.0
The Walters,1,972.2,972.16,58.0,67.0,76.0
"Sleepy hallow, 347aidan",1,160.9,160.85,81.0,58.0,77.0
Panic! At The Disco,1,582.9,582.86,51.0,82.0,110.0
"Nengo Flow, Bad Bunny",1,304.1,304.12,89.0,66.0,94.0
"Justin Bieber, Don Toliver",1,106.9,106.92,82.0,66.0,150.0
BIGBANG,1,53.9,53.91,68.0,58.0,118.0
"Tiï¿½ï¿½sto, Kar",1,567.0,566.95,77.0,79.0,120.0
"Kendrick Lamar, Jay Rock",1,1093.6,1093.61,74.0,53.0,144.0
NMIXX,1,135.4,135.44,39.0,77.0,200.0
Keisya Levronka,1,184.8,184.81,49.0,40.0,130.0
"Anuel Aa, Myke Towers, Jhay Cortez",1,177.1,177.13,63.0,75.0,90.0
Farruko,1,1309.9,1309.89,76.0,77.0,130.0
Drake,4,655.6,163.89,76.5,51.0,137.0
Kevin Kaarl,1,244.9,244.89,58.0,36.0,92.0
Maluma,1,513.6,513.64,76.0,77.0,178.0
"Dave, Central Cee",1,183.7,183.71,92.0,58.0,141.0
Myke Towers,1,133.7,133.72,71.0,74.0,92.0
"Kanye West, Alicia Keys, Fivio Foreign",1,107.3,107.26,47.0,80.0,147.0
"Rich The Kid, Matuï¿",1,77.2,77.23,77.0,58.0,117.0
"Drake, Future, Young Thug",1,490.0,489.95,80.0,60.0,136.0
Central Cee,2,780.3,390.16,82.5,51.0,143.0
Sofia Carson,1,97.6,97.61,56.0,53.0,145.0
Sebastian Yatra,2,678.0,338.98,58.5,61.0,109.0
"Eslabon Armado, Peso Pluma",1,726.0,725.98,67.0,76.0,148.0
Tulus,1,202.7,202.68,64.0,44.0,72.0
Anitta,1,546.2,546.19,81.0,73.0,92.0
"Eminem, Dr. Dre",2,739.8,369.92,92.5,80.0,126.0
Baby Tate,1,122.8,122.76,92.0,51.0,135.0
Morgan Wallen,11,1666.2,151.47,58.9,77.3,139.0
Meghan Trainor,1,502.6,502.57,84.0,53.0,145.0
"Katy Perry, Alesso",1,226.9,226.9,69.0,89.0,125.0
Andy Williams,1,663.8,663.83,24.0,60.0,202.0
Kordhell,1,448.8,448.84,71.0,97.0,120.0
Maroon 5,1,1759.6,1759.57,77.0,32.0,91.0
"PinkPantheress, Ice Spice",1,156.3,156.34,70.0,81.0,133.0
Fifty Fifty,2,636.5,318.24,77.5,62.5,120.0
"Charlie Puth, BTS, Jung Kook",1,720.4,720.43,88.0,59.0,101.0
Seafret,1,571.4,571.39,40.0,48.0,166.0
Ryan Castro,2,626.0,313.02,78.0,65.0,130.0
Conan Gray,1,1301.8,1301.8,47.0,43.0,92.0
"Feid, Mora, Saiko, Quevedo",1,57.3,57.31,62.0,80.0,170.0
Dean Lewis,1,284.8,284.79,40.0,64.0,82.0
"Imagine Dragons, League of Legends, JID, Arcane",1,1223.5,1223.48,72.0,76.0,77.0
"Styrx, utku INC, Thezth",1,90.6,90.6,65.0,80.0,130.0
"Peso Pluma, Luis R Conriquez",1,295.2,295.15,77.0,75.0,136.0
"TAEYANG, Jimin",1,152.9,152.85,79.0,68.0,100.0
"Swae Lee, A Boogie Wit da Hoodie, Metro Boomin, NAV",1,109.3,109.28,63.0,54.0,140.0
"Residente, Bizarrap",1,94.6,94.62,59.0,74.0,71.0
"Baby Rasta, Rauw Alejandro",1,304.1,304.08,87.0,83.0,107.0
Rauw Alejandro,2,1634.6,817.3,79.0,63.0,115.0
Kaifi Khalil,1,156.8,156.78,58.0,38.0,140.0
Selena Gomez,1,91.5,91.47,60.0,39.0,144.0
Kali Uchis,1,256.5,256.48,64.0,72.0,137.0
BTS,8,4389.9,548.74,67.1,69.0,121.0
Luar La L,1,273.9,273.91,70.0,76.0,122.0
"Feid, Alejo, Robi",1,273.0,273.01,83.0,74.0,98.0
"Sech, Bad Bunny, Mora",1,610.1,610.05,66.0,69.0,154.0
Yahritza Y Su Esencia,1,126.4,126.44,71.0,45.0,84.0
Sam Smith,1,1607.0,1606.99,68.0,49.0,82.0
"Billie Eilish, Khalid",1,2355.7,2355.72,35.0,30.0,115.0
"Mahmood, Blanco",1,135.1,135.08,52.0,60.0,123.0
Lana Del Rey,3,1396.0,465.34,49.0,62.3,121.0
"SZA, Doja Cat",1,1575.5,1575.47,77.0,66.0,111.0
"Kendrick Lamar, Tanna Leone",1,58.7,58.69,73.0,54.0,174.0
Emmy Meli,1,225.3,225.26,65.0,47.0,170.0
"Rosa Walton, Hallie Coggins",1,140.4,140.43,49.0,74.0,125.0
"Ovy On The Drums, Quevedo",1,209.1,209.11,82.0,85.0,118.0
TWICE,2,535.4,267.69,79.0,90.5,120.0
Paulo Londra,2,330.2,165.12,65.0,64.5,156.0
"Ayparia, unxbected",1,58.1,58.05,63.0,82.0,129.0
"Jack Harlow, Lil Nas X",1,1814.4,1814.35,74.0,70.0,150.0
"Semicenk, Doï¿½ï¿½u ",1,43.5,43.52,73.0,62.0,98.0
Ghost,1,387.1,387.08,47.0,90.0,130.0
Halsey,1,91.8,91.78,63.0,62.0,83.0
ROSALï¿½,2,907.4,453.68,74.0,62.5,150.0
Kodak Black,1,342.8,342.78,83.0,41.0,73.0
"A$AP Rocky, Metro Boomin, Roisee",1,94.2,94.19,60.0,53.0,90.0
"Drake, WizKid, Kyla",1,2713.9,2713.92,77.0,63.0,104.0
RM,1,135.6,135.61,49.0,77.0,155.0
Kenia OS,1,156.2,156.21,81.0,79.0,110.0
Wham!,1,1159.2,1159.18,74.0,65.0,107.0
Duncan Laurence,1,991.3,991.34,45.0,33.0,72.0
Dove Cameron,1,496.3,496.31,35.0,61.0,180.0
"Yuridia, Angela Aguilar",1,236.9,236.86,73.0,57.0,98.0
"MNEK, Jax Jones",1,301.0,300.98,77.0,78.0,127.0
"Tyga, Doja Cat",1,153.2,153.24,80.0,65.0,104.0
"Kanii, PR1ISVX",1,77.4,77.38,67.0,76.0,134.0
"PSY, Suga",1,212.1,212.11,91.0,96.0,130.0
"Eminem, Nate Dogg",1,1695.7,1695.71,55.0,85.0,171.0
JVKE,2,1097.3,548.63,46.5,51.5,112.0
SALES,1,156.7,156.66,73.0,45.0,90.0
"Ozuna, Shakira",1,380.7,380.73,87.0,70.0,132.0
Willow,1,924.2,924.19,76.0,71.0,101.0
"DJ Escobar, MC MENOR SG, MC MENOR HR",1,174.0,174.01,87.0,52.0,87.0
Shubh,1,48.0,47.96,74.0,63.0,90.0
Muni Long,1,181.3,181.33,51.0,53.0,140.0
Kanye West,3,1967.5,655.85,65.3,62.0,118.0
Freddie Dredd,1,199.4,199.39,80.0,62.0,75.0
Loreen,1,201.7,201.66,55.0,78.0,150.0
Ruth B.,1,1117.0,1117.0,61.0,69.0,117.0
Miguel,1,950.9,950.91,68.0,60.0,81.0
Dua Lipa,3,3227.6,1075.88,71.7,84.0,112.0
Zach Bryan,1,449.7,449.7,59.0,38.0,110.0
"Future, Chris Brown, Metro Boomin",1,401.0,401.04,72.0,59.0,117.0
"Future, Lil Uzi Vert, Metro Boomin",1,37.1,37.13,77.0,55.0,135.0
The Ronettes,1,404.7,404.66,53.0,77.0,92.0
"Eminem, Dido",1,918.9,918.92,78.0,74.0,80.0
Coi Leray,1,335.1,335.07,95.0,52.0,105.0
JISOO,1,232.9,232.9,84.0,39.0,124.0
"Chencho Corleone, Bad Bunny",1,1440.8,1440.76,91.0,71.0,92.0
"Bizarrap, Quevedo",1,1356.6,1356.57,62.0,78.0,128.0
Jung Kook,2,284.8,142.4,52.0,61.5,109.0
"Abhijay Sharma, Riar Saab",1,71.0,71.01,80.0,74.0,135.0
"Tiï¿½ï¿½sto, Ava",1,656.0,656.01,75.0,76.0,118.0
Rihanna,1,297.3,297.33,25.0,30.0,177.0
Polo G,1,797.4,797.4,79.0,54.0,81.0
"IU, Agust D",1,95.8,95.82,73.0,57.0,89.0
"Prezioso, Gabry Ponte, LUM!X",1,422.7,422.69,67.0,90.0,101.0
"sped up nightcore, ARIZONATEARS, Lil Uzi Vert",1,207.0,207.03,69.0,90.0,130.0
Chris Brown,1,930.0,929.96,73.0,69.0,117.0
David Kushner,2,512.0,255.99,57.0,39.0,120.0
Lady Gaga,2,610.8,305.42,55.0,64.0,124.0
"Yahritza Y Su Esencia, Grupo Frontera",1,188.9,188.93,61.0,73.0,150.0
Paloma Faith,1,589.0,588.96,57.0,89.0,91.0
Jimin,3,705.5,235.15,61.3,77.0,124.0
Mariah Carey,1,1449.8,1449.78,34.0,63.0,150.0
"Mc Livinho, DJ Matt D",1,39.7,39.71,63.0,34.0,130.0
Bobby Helms,1,741.3,741.3,74.0,37.0,119.0
"David Guetta, Anne-Marie, Coi Leray",1,177.7,177.74,60.0,91.0,128.0
"Rihanna, Calvin Harris",1,1235.0,1235.01,73.0,77.0,128.0
Sleepy hallow,1,624.5,624.52,78.0,52.0,161.0
Frank Sinatra,1,178.7,178.66,51.0,34.0,175.0
"Post Malone, Roddy Ricch",1,271.7,271.67,50.0,78.0,125.0
Alec Benjamin,1,1374.6,1374.58,65.0,55.0,150.0
"GODZZ__-, Zakaria",1,1180.9,1180.9,81.0,75.0,166.0
"Imagine Dragons, League of Legends, Arcane",1,1223.5,1223.48,73.0,74.0,77.0
"Buscabulla, Bad Bunny",1,344.1,344.06,80.0,62.0,103.0
(G)I-DLE,2,267.0,133.49,77.5,87.0,133.0
Band Aid,1,481.7,481.7,60.0,57.0,115.0
"dennis, MC Kevin o Chris",1,112.0,111.95,86.0,96.0,130.0
Rels B,1,331.5,331.51,63.0,43.0,126.0
"Bizarrap, Tiago pzk",1,374.2,374.19,66.0,82.0,96.0
"Ckay, AX'EL, Dj Yo!",1,540.5,540.54,58.0,60.0,120.0
"MC Caverinha, KayBlack",1,71.6,71.57,84.0,47.0,108.0
Miley Cyrus,2,1887.4,943.69,69.0,66.0,120.0
"Drake, 21 Savage",8,2076.6,259.57,74.0,56.9,138.0
"J Balvin, Nio Garcia, Bad Bunny",1,528.5,528.54,74.0,66.0,172.0
"Daddy Yankee, Bad Bunny",2,1109.0,554.48,77.5,85.0,92.0
"Karol G, Becky G",1,716.6,716.59,84.0,70.0,94.0
Brenda Lee,1,769.2,769.21,70.0,41.0,140.0
Nat King Cole,2,516.8,258.4,52.5,25.5,123.0
Queen,1,2197.0,2197.01,41.0,40.0,71.0
Mr.Kitty,1,646.9,646.89,58.0,60.0,140.0
"Natanael Cano, Gabito Ballesteros, Peso Pluma",1,463.6,463.56,77.0,73.0,136.0
Zion & Lennox,1,527.0,527.03,81.0,70.0,95.0
"Feid, Paulo Londra",1,73.5,73.51,80.0,67.0,92.0
The Rare Occasions,1,421.1,421.14,31.0,88.0,160.0
Yung Lean,1,240.8,240.77,60.0,71.0,115.0
Michael Bublï¿,2,1283.8,641.9,50.0,35.0,122.0
Yung Gravy,1,221.8,221.75,73.0,75.0,102.0
Christian Nodal,1,319.8,319.76,59.0,45.0,140.0
"Kendrick Lamar, Sampha",1,127.3,127.31,55.0,78.0,153.0
Leah Kate,1,185.6,185.55,54.0,79.0,154.0
50 Cent,1,1202.7,1202.72,90.0,71.0,90.0
Guns N' Roses,1,1553.5,1553.5,45.0,90.0,125.0
Beyoncï¿,3,1122.3,374.1,67.7,73.7,117.0
Taylor Swift,34,14053.7,413.34,59.8,56.8,126.0
"Vishal-Shekhar, Shilpa Rao, Caralisa Monteiro, Kumaar, Vishal Dadlani, Shekhar Ravjiani",1,140.2,140.19,77.0,80.0,116.0
Lasso,1,263.3,263.28,81.0,65.0,120.0
Lewis Capaldi,3,4734.7,1578.23,54.0,58.3,108.0
Stephen Sanchez,1,726.4,726.43,34.0,51.0,202.0
"Peso Pluma, Grupo Frontera",1,52.3,52.29,56.0,87.0,168.0
Demi Lovato,1,677.4,677.39,59.0,62.0,114.0
"The Weeknd, Lana Del Rey",1,611.7,611.7,59.0,48.0,90.0
"J. Cole, Lil Durk",1,144.6,144.57,83.0,44.0,143.0
"Ed Sheeran, Fireboy DML",1,261.3,261.29,96.0,42.0,108.0
"24kgoldn, Iann Dior",1,1699.4,1699.4,70.0,72.0,91.0
"Pharrell Williams, Nile Rodgers, Daft Punk",1,933.8,933.82,79.0,81.0,116.0
"Skrillex, Flowdan, Fred again..",1,78.5,78.49,81.0,84.0,140.0
"Fuerza Regida, Grupo Frontera",1,367.3,367.32,54.0,60.0,157.0
Dean Martin,1,446.4,446.39,45.0,24.0,134.0
Arctic Monkeys,4,5569.8,1392.45,56.3,60.8,113.0
"Tiï¿½ï¿½sto, Tate M",1,325.6,325.59,70.0,79.0,120.0
"Marshmello, Jonas Brothers",1,651.7,651.73,72.0,72.0,120.0
sped up 8282,1,103.8,103.76,74.0,73.0,144.0
"Nicki Minaj, Ice Spice",1,105.0,104.99,90.0,68.0,148.0
"Justin Bieber, The Kid Laroi",1,2665.3,2665.34,59.0,76.0,170.0
TOMORROW X TOGETHER,1,107.6,107.64,71.0,89.0,125.0
"Nicky Jam, Feid",1,58.0,57.95,79.0,62.0,93.0
"Becky G, Peso Pluma",1,161.5,161.46,85.0,68.0,132.0
Sia,2,1629.9,814.97,59.5,64.5,140.0
"Robin Schulz, Oliver Tree",1,497.2,497.23,59.0,74.0,145.0
"Halsey, BTS",1,1065.6,1065.58,65.0,86.0,120.0
"Kendrick Lamar, Kodak Black",1,123.2,123.22,92.0,57.0,140.0
"Latto, Jung Kook",1,141.4,141.38,80.0,83.0,125.0
Rex Orange County,1,244.9,244.93,90.0,51.0,120.0
"Bruno Mars, Anderson .Paak, Silk Sonic",2,1499.4,749.72,61.0,62.0,115.0
Beach House,1,789.8,789.75,51.0,79.0,147.0
"Doja Cat, The Weeknd",1,672.7,672.66,83.0,62.0,129.0
Jessi,1,137.0,137.0,87.0,60.0,100.0
"Alvaro Diaz, Rauw Alejandro",1,209.8,209.77,73.0,74.0,92.0
"Tainy, Bad Bunny",1,61.3,61.25,81.0,71.0,122.0
"Aitana, zzoilo",1,578.2,578.21,75.0,76.0,116.0
"Dua Lipa, Elton John, Pnau",1,1605.2,1605.22,80.0,80.0,116.0
"Cherish, ACRAZE",1,674.8,674.77,85.0,81.0,125.0
"Rauw Alejandro, ROSALï¿½",1,357.9,357.93,77.0,64.0,95.0
"Junior H, Peso Pluma",2,410.3,205.17,65.5,64.0,136.0
"Ozuna, Tiago pzk",1,138.3,138.33,83.0,82.0,92.0
Feid,8,2220.7,277.59,73.0,63.4,132.0
"Yandel, Feid",2,632.8,316.4,79.5,71.5,130.0
King,1,319.6,319.57,70.0,51.0,96.0
"J Balvin, Maria Becerra",1,720.8,720.83,89.0,82.0,102.0
Jason Derulo,1,363.5,363.47,77.0,79.0,122.0
"Juan Cruz Toledo, Huilen Toledo",1,1230.9,1230.86,29.0,33.0,176.0
"Young Thug, Future, Gunna",1,311.4,311.4,77.0,42.0,78.0
"Bomba Estï¿½ï¿½reo, Bad B",1,1133.9,1133.87,65.0,69.0,80.0
Jack Harlow,3,1038.5,346.16,79.7,59.7,138.0
"The Weeknd, Post Malone",1,539.6,539.6,68.0,78.0,97.0
Omar Apollo,1,227.9,227.92,70.0,34.0,82.0
"Ed Sheeran, Taylor Swift",1,146.8,146.79,53.0,31.0,134.0
YEAT,2,412.2,206.12,69.5,66.5,139.0
Nicki Minaj,2,510.1,255.06,82.5,81.0,116.0
"Aventura, Bad Bunny",1,673.8,673.8,73.0,86.0,176.0
"Luciano, Aitch, Bï¿½",1,146.2,146.22,80.0,81.0,138.0
"Tini, Maria Becerra",1,596.2,596.15,85.0,54.0,92.0
The Goo Goo Dolls,1,1284.9,1284.94,32.0,72.0,156.0
"Taylor Swift, Lana Del Rey",1,323.4,323.44,66.0,32.0,110.0
Stromae,1,108.8,108.81,56.0,55.0,88.0
BLACKPINK,3,1269.0,423.01,84.7,66.7,111.0
"Peso Pluma, Yng Lvcas",1,553.6,553.63,81.0,48.0,170.0
"Karol G, Ovy On The Drums",1,294.4,294.35,95.0,69.0,115.0
"Ozuna, Feid",1,674.1,674.07,90.0,59.0,98.0
"Sam Smith, Calvin Harris, Jessie Reyez",1,103.8,103.79,70.0,90.0,115.0
Beach Weather,1,480.5,480.51,57.0,84.0,144.0
"Fran C, Polima WestCoast, Nickoog Clk, Pablito Pesadilla",1,159.2,159.24,84.0,75.0,102.0
"Marï¿½ï¿½lia Mendonï¿½ï¿½a, George Henrique &",1,263.9,263.89,46.0,83.0,158.0
Harry Styles,17,11608.6,682.86,61.4,58.9,129.0
Libianca,1,373.2,373.2,59.0,42.0,198.0
Dave,1,229.5,229.47,95.0,37.0,124.0
"Quevedo, Jhayco",1,61.1,61.11,80.0,70.0,120.0
"Calvin Harris, Halsey, Pharrell Williams, Justin Timberlake",1,123.5,123.47,81.0,73.0,126.0
"Kanye West, Lil Durk, Cardi B",1,85.9,85.92,88.0,69.0,157.0
Tory Lanez,1,415.9,415.93,65.0,53.0,105.0
Elley Duhï¿,1,872.1,872.14,41.0,61.0,186.0
"The Chainsmokers, Coldplay",1,2204.1,2204.08,61.0,65.0,103.0
"Veigh, Bvga Beatz, Supernova Ent, Prod Malax",1,81.1,81.1,84.0,50.0,124.0
"Shakira, Bizarrap",1,722.0,721.98,78.0,63.0,122.0
"Em Beihold, Stephen Sanchez",1,601.0,600.98,34.0,57.0,101.0
"Nicki Minaj, Lil Baby",2,146.1,73.03,86.5,60.5,130.0
Avicii,2,3426.8,1713.38,53.0,81.5,125.0
"The Weeknd, Daft Punk",1,2565.5,2565.53,68.0,59.0,186.0
"Nile Rodgers, LE SSERAFIM",1,92.0,92.04,80.0,88.0,104.0
Suki Waterhouse,1,184.7,184.71,37.0,56.0,150.0
Chris Molitor,1,1755.2,1755.21,43.0,66.0,173.0
Rï¿½ï,1,445.8,445.76,81.0,78.0,107.0
Lil Nas X,3,2988.8,996.25,66.3,69.3,136.0
Marï¿½ï¿½lia Mendo,1,267.8,267.79,74.0,87.0,130.0
"Kendrick Lamar, Beyoncï¿",1,57.1,57.09,78.0,70.0,126.0
"Lauren Spencer Smith, Lauren Spencer Smith, Lauren Spencer Smith",1,349.6,349.59,60.0,47.0,109.0
"The Weeknd, Tyler, The Creator",1,88.1,88.1,41.0,64.0,135.0
Nessa Barrett,1,131.8,131.75,44.0,67.0,183.0
The Kid Laroi,2,392.3,196.14,52.0,53.0,94.0
"The Weeknd, Gesaffelstein",2,1392.2,696.1,49.0,71.0,108.0
"HA SUNG WOON, Jimin",1,240.6,240.58,53.0,43.0,150.0
Quevedo,4,977.1,244.27,72.5,66.5,118.0
Raim Laode,1,137.1,137.12,70.0,41.0,134.0
"Sech, Mora",1,184.6,184.62,68.0,71.0,174.0
Bad Bunny,19,9997.8,526.2,75.2,66.7,119.0
Glass Animals,1,2558.0,2557.98,76.0,53.0,81.0
"TAEYANG, Lisa",1,76.9,76.91,76.0,70.0,110.0
"Morgan Wallen, Eric Church",1,58.9,58.89,50.0,76.0,148.0
"Justin Bieber, Daniel Caesar, Giveon",1,1445.9,1445.94,63.0,68.0,90.0
"The Weeknd, Swedish House Mafia",1,612.0,611.99,56.0,67.0,120.0
Stray Kids,2,277.7,138.87,73.5,79.0,113.0
"Kendrick Lamar, Beth Gibbons",1,33.4,33.38,49.0,37.0,140.0
"Tony Dize, Bad Bunny",1,479.7,479.66,66.0,79.0,196.0
"Shawn Mendes, Camila Cabello",1,2484.8,2484.81,76.0,52.0,117.0
Zï¿½ï¿½ Neto & Crist,1,145.5,145.46,67.0,67.0,108.0
"Marï¿½ï¿½lia Mendonï¿½ï¿½a, Hugo & G",1,291.7,291.71,73.0,83.0,124.0
YOASOBI,1,143.6,143.57,57.0,94.0,166.0
Luciano,1,160.0,160.04,84.0,42.0,140.0
"Don Omar, Lucenzo",1,1279.4,1279.43,47.0,92.0,130.0
Keane,1,1089.4,1089.4,45.0,59.0,172.0
"Big One, Duki, Lit Killah, Maria Becerra, FMK, Rusherking, Emilia, Tiago pzk",1,123.1,123.12,81.0,68.0,120.0
Lord Huron,1,1410.1,1410.09,45.0,37.0,174.0
"Steve Aoki, Tini, La Joaqui",1,121.0,120.97,68.0,71.0,90.0
"James Blake, Metro Boomin",1,39.7,39.67,59.0,60.0,81.0
d4vd,2,1317.0,658.5,57.0,51.5,132.0
Peggy Gou,1,57.9,57.88,67.0,88.0,130.0
"Marï¿½ï¿½lia Mendonï¿½ï¿½a, Maiara &",1,258.3,258.32,80.0,69.0,122.0
Fuerza Regida,2,254.9,127.43,79.0,85.5,128.0
"Feid, Young Miko",1,335.2,335.22,86.0,66.0,100.0
"Cartel De Santa, La Kelly",1,162.9,162.89,93.0,47.0,96.0
"Mambo Kingz, DJ Luian, Anuel Aa",2,197.3,98.63,72.0,66.5,136.0
"Big One, FMK, Ke personajes",1,142.1,142.1,50.0,52.0,192.0
Mahalini,1,166.6,166.57,56.0,43.0,120.0
"Metro Boomin, Coi Leray",1,70.1,70.11,78.0,30.0,120.0
Oliver Tree,1,501.5,501.54,70.0,49.0,80.0
"RM, Colde",1,34.5,34.5,54.0,48.0,145.0
"Kaliii, Kaliii",1,113.5,113.51,82.0,39.0,155.0
Britney Spears,1,261.1,261.12,67.0,72.0,147.0
"Mabel Matiz, Mert Demir",1,136.7,136.69,70.0,59.0,100.0
"Melody, Ana Castela, Dj Chris No Beat",1,191.9,191.87,77.0,74.0,135.0
Metallica,1,704.2,704.17,54.0,83.0,105.0
"Gustavo Mioto, Mari Fernandez",1,222.6,222.61,64.0,91.0,154.0
Mac DeMarco,1,244.7,244.66,90.0,14.0,150.0
Sidhu Moose Wala,1,183.3,183.27,68.0,76.0,90.0
Kendrick Lamar,12,3033.1,252.76,64.6,52.9,112.0
"Arijit Singh, Sachin-Jigar, Amitabha Bhattacharya",1,64.5,64.53,56.0,55.0,100.0
Chino Pacas,1,255.9,255.93,74.0,80.0,140.0
"Sachin-Jigar, Shadab Faridi, Altamash Faridi, Amitabh Bhattacharya, Varun Jain",1,54.2,54.23,76.0,72.0,110.0
Simone Mendes,1,153.5,153.45,59.0,89.0,154.0
Zï¿½ï¿½ Fe,1,154.1,154.12,89.0,86.0,135.0
NIKI,1,290.2,290.23,63.0,67.0,79.0
"Mainstreet, Chefin",1,143.1,143.14,79.0,52.0,154.0
"SZA, Travis Scott",1,155.7,155.65,67.0,59.0,78.0
"Kendrick Lamar, Baby Keem",1,560.2,560.22,71.0,61.0,134.0
Chris Rea,1,429.5,429.5,51.0,58.0,180.0
"Charli XCX, Jax Jones, Joel Corry, Saweetie",1,427.5,427.49,79.0,84.0,124.0
"Bizarrap, Peso Pluma",1,200.7,200.65,85.0,67.0,133.0
Vundabar,1,370.1,370.07,47.0,76.0,82.0
Shakin' Stevens,1,351.6,351.64,72.0,87.0,101.0
"Quevedo, La Pantera, Juseph, Cruz Cafunï¿½ï¿½, Bï¿½ï¿½jo, Abhir Hathi",1,245.4,245.4,67.0,75.0,174.0
Post Malone,3,2320.0,773.32,58.7,79.3,143.0
"Snoop Dogg, BTS, Benny Blanco",1,219.2,219.2,77.0,87.0,120.0
P!nk,1,134.3,134.26,64.0,89.0,122.0
"Perry Como, The Fontane Sisters, Mitchell Ayres & His Orchestra",1,296.0,296.0,73.0,32.0,113.0
"Karol G, Quevedo",1,93.4,93.44,86.0,79.0,140.0
"Arcangel, Bad Bunny",1,538.1,538.12,71.0,70.0,123.0
"Travis Scott, Metro Boomin",1,110.7,110.65,80.0,54.0,112.0
Natanael Cano,1,31.9,31.87,81.0,77.0,128.0
Lizzo,3,1695.5,565.16,80.0,75.0,125.0
SiM,1,71.0,71.01,41.0,88.0,145.0
Childish Gambino,1,445.6,445.59,56.0,45.0,118.0
"Grupo Marca Registrada, Grupo Frontera",1,147.3,147.29,57.0,59.0,182.0
"Gunna, Lil Baby",1,54.9,54.94,90.0,54.0,115.0
Benson Boone,1,382.2,382.2,36.0,54.0,78.0
Doja Cat,6,4702.3,783.72,80.0,59.7,117.0
"Tyler, The Creator, Kali Uchis",1,1047.1,1047.1,56.0,56.0,79.0
"Wisin & Yandel, ROSALï¿½",1,309.5,309.48,74.0,73.0,94.0
"Bizarrap, Villano Antillano",1,248.5,248.51,82.0,75.0,128.0
"Nicky Youre, Dazy",1,652.7,652.7,77.0,71.0,131.0
Joji,3,2357.3,785.76,47.7,44.0,136.0
"Jordan Fisher, Josh Levi, Finneas O'Connell, 4*TOWN (From Disney and Pixarï¿½ï¿½ï¿½s Turning Red), Topher Ngo, Grayson Vill",1,120.9,120.85,91.0,72.0,105.0
Em Beihold,1,258.7,258.71,74.0,52.0,85.0
Creedence Clearwater Revival,1,1145.7,1145.73,74.0,70.0,116.0
Lauren Spencer Smith,1,184.8,184.83,70.0,44.0,138.0
Vance Joy,1,2009.1,2009.09,48.0,73.0,102.0
Burl Ives,1,395.6,395.59,67.0,36.0,140.0
Justin Bieber,3,3919.8,1306.6,63.0,55.3,139.0
"Trueno, Tiago pzk",1,261.4,261.41,67.0,63.0,84.0
"J Balvin, Bad Bunny",1,1435.1,1435.13,75.0,65.0,176.0
Yng Lvcas,1,192.0,191.95,78.0,46.0,170.0
Cigarettes After Sex,1,841.8,841.75,37.0,47.0,94.0
"David Guetta, Shakira, Black Eyed Peas",1,240.9,240.92,82.0,88.0,132.0
"Bad Bunny, Tainy",1,1304.3,1304.31,61.0,62.0,176.0
"Camila Cabello, Willow",1,75.5,75.48,63.0,64.0,180.0
"Olga Merediz, Stephanie Beatriz, Encanto - Cast",1,184.9,184.94,59.0,63.0,141.0
"John Legend, Metro Boomin",1,78.1,78.14,33.0,59.0,80.0
"Bebe Rexha, David Guetta",1,1109.4,1109.43,56.0,97.0,128.0
Ariana Grande,2,2086.7,1043.35,59.5,71.5,139.0
IVE,4,942.2,235.55,72.3,81.0,121.0
Labrinth,7,2312.7,330.39,43.0,47.7,93.0
Olivia Rodrigo,7,7442.2,1063.16,51.3,50.6,162.0
"Nicki Minaj, Aqua, Ice Spice",1,65.2,65.16,77.0,58.0,144.0
"Dr. Dre, Snoop Dogg",2,2053.9,1026.96,86.5,83.5,94.0
"Halsey, Suga",1,52.0,51.99,43.0,74.0,84.0
"Lil Durk, Morgan Wallen",1,46.1,46.07,76.0,58.0,134.0
"Kanye West, XXXTENTACION",1,194.9,194.9,71.0,86.0,84.0
"De La Ghetto, Feid, Polima WestCoast, Paloma Mami, Pailita",1,279.7,279.72,91.0,82.0,110.0
Nayeon,1,213.5,213.51,80.0,86.0,97.0
LF System,1,244.8,244.79,58.0,91.0,128.0
"Bad Bunny, Rauw Alejandro",1,614.6,614.56,83.0,80.0,97.0
Tiï¿½ï¿,1,1062.4,1062.35,80.0,62.0,120.0
"Chencho Corleone, Rauw Alejandro",1,809.3,809.31,87.0,69.0,90.0
"SZA, Don Toliver",1,94.0,94.01,73.0,69.0,150.0
"Gotye, Kimbra",1,1457.1,1457.14,86.0,52.0,129.0
"Junior H, Eden Muï¿½ï",1,89.9,89.93,70.0,43.0,129.0
"The Weeknd, Lil Wayne",1,91.7,91.66,75.0,84.0,110.0
"Nengo Flow, Anuel Aa, Chris Jedi, Chencho Corleone",1,333.2,333.15,80.0,85.0,170.0
Burna Boy,2,389.5,194.74,70.5,61.5,89.0
"John Lennon, The Harlem Community Choir, The Plastic Ono Band, Yoko Ono",1,460.5,460.49,33.0,61.0,147.0
"Kevin Gates, Juicy J",1,109.1,109.09,77.0,70.0,81.0
"Calvin Harris, Ellie Goulding",1,211.1,211.05,64.0,87.0,143.0
"MC Ryan SP, Love Funk, Mc Paiva ZS",1,187.7,187.7,59.0,60.0,161.0
"Stephanie Beatriz, Diane Guerrero",1,154.8,154.8,72.0,71.0,120.0
"Sog, Ryan Castro, Peso Pluma",1,11.6,11.6,79.0,89.0,97.0
"Matuï¿½ï¿½, Wiu, ",1,187.8,187.77,78.0,64.0,115.0
"Eminem, Dina Rae",1,655.5,655.47,80.0,76.0,130.0
"Interplanetary Criminal, Eliza Rose",1,244.6,244.59,74.0,89.0,137.0
"Kodak Black, NLE Choppa, Muni Long, JVKE, Jimin",1,133.8,133.75,53.0,67.0,74.0
"Karol G, Romeo Santos",1,266.6,266.62,79.0,78.0,178.0
"The Chainsmokers, Halsey",1,2591.2,2591.22,75.0,52.0,95.0
Chuck Berry,1,245.4,245.35,69.0,71.0,152.0
"Marshmello, Khalid",1,295.3,295.31,91.0,77.0,120.0
"Drake, Project Pat, 21 Savage",1,594.5,594.48,85.0,37.0,146.0
"Drake, Travis Scott",1,593.9,593.92,67.0,47.0,168.0
ENHYPEN,3,365.5,121.83,71.3,78.0,123.0
Maria Becerra,1,43.9,43.86,68.0,79.0,98.0
"Ak4:20, Cris Mj, Pailita",1,118.4,118.38,86.0,79.0,92.0
Cris Mj,1,682.5,682.48,87.0,53.0,96.0
NLE Choppa,1,190.5,190.49,94.0,61.0,121.0
"Gwen Stefani, Blake Shelton",1,180.6,180.58,63.0,88.0,93.0
"BLESSD, Peso Pluma",1,127.0,127.03,78.0,84.0,133.0
"Future, Metro Boomin, Don Toliver",1,286.4,286.4,68.0,71.0,88.0
Jack Black,1,68.2,68.22,71.0,31.0,92.0
Grupo Frontera,1,404.9,404.89,59.0,53.0,173.0
girl in red,1,723.0,723.04,57.0,37.0,130.0
"RAYE, 070 Shake",2,716.7,358.33,49.0,75.5,102.0
Armani White,1,277.1,277.13,90.0,50.0,100.0
Karol G,4,1260.9,315.22,79.3,60.5,107.0
"Ludwig Goransson, Foudeqush",1,71.1,71.1,62.0,44.0,114.0
Masked Wolf,1,1138.5,1138.47,78.0,70.0,150.0
Agust D,1,118.8,118.81,70.0,84.0,85.0
"Maldy, Karol G",1,322.3,322.34,63.0,86.0,93.0
Tate McRae,2,1523.3,761.65,62.5,50.5,142.0
Trueno,1,198.9,198.88,86.0,79.0,106.0
"Kendrick Lamar, Blxst, Amanda Reifer",1,237.4,237.35,78.0,74.0,101.0
Imagine Dragons,3,5272.5,1757.49,62.3,73.7,140.0
J. Cole,1,1791.0,1791.0,70.0,52.0,100.0
Mï¿½ï¿½ne,4,2675.6,668.91,65.5,72.3,130.0
"Kendrick Lamar, Sam Dew, Baby Keem",1,86.2,86.18,61.0,71.0,123.0
"Ariana Grande, The Weeknd",2,1740.6,870.28,59.0,66.0,93.0
"Fuerza Regida, Chino Pacas",1,116.3,116.33,70.0,79.0,142.0
"Pritam, Arijit Singh, Amitabh Bhattacharya",1,366.6,366.6,58.0,57.0,94.0
The Killers,1,1806.6,1806.62,35.0,93.0,148.0
Doechii,1,95.1,95.13,74.0,76.0,172.0
"Bizarrap, Paulo Londra",1,164.2,164.16,61.0,90.0,96.0
